<?xml version='1.0' encoding='UTF-8'?>
<!DOCTYPE hibernate-configuration PUBLIC
          "-//Hibernate/Hibernate Configuration DTD 3.0//EN"
          "http://hibernate.sourceforge.net/hibernate-configuration-3.0.dtd">

<!-- Generated by MyEclipse Hibernate Tools.                   -->
<hibernate-configuration>

<session-factory>
	<property name="dialect">
		org.hibernate.dialect.MySQLDialect
	</property>
	<property name="connection.url">jdbc:mysql://localhost:3306/cartrading</property>
	<property name="connection.username">root</property>
	<property name="connection.password">123</property>
	<property name="connection.driver_class">
		com.mysql.jdbc.Driver
	</property>
	<property name="connection.autocommit">true</property>
	<property name="show_sql">true</property>
	<mapping resource="gxa/entity/Admin.hbm.xml" />
	<mapping resource="gxa/entity/CarType.hbm.xml" />
	<mapping resource="gxa/entity/Users.hbm.xml" />
	<mapping resource="gxa/entity/Car.hbm.xml" />

</session-factory>

</hibernate-configuration>