<?xml version="1.0" encoding="UTF-8" ?>
<!DOCTYPE struts PUBLIC "-//Apache Software Foundation//DTD Struts Configuration 2.1//EN" "http://struts.apache.org/dtds/struts-2.1.dtd">
<struts>
	<package name="struts-admin" extends="struts-default,struts2">
		<action name="admin_*" class="adminAction" method="{1}">
			<result name="getallsuc" type="">admin/list.jsp</result>
			<result name="update">admin/update.jsp</result>
			<result name="updatesuc">admin/update.jsp</result>
			<result name="add">admin/add.jsp</result>
			<result name="addsuc">list.jsp</result>
			<result name="addurl">admin/list.jsp</result>
		</action>
	</package>
</struts>    
