<?xml version="1.0" encoding="UTF-8" ?>
<!DOCTYPE struts PUBLIC "-//Apache Software Foundation//DTD Struts Configuration 2.1//EN" "http://struts.apache.org/dtds/struts-2.1.dtd">
<struts>
	<include file="struts-admin.xml" />
	<include file="struts-cartype.xml" />
	<include file="struts-user.xml" />
	<include file="struts-car.xml" />

	<package name="struts2" extends="struts-default">

		<global-results>
			<result name="exception">/exception.jsp</result>
			<result name="login">/login.jsp</result>
		</global-results>
		<global-exception-mappings>
			<exception-mapping result="exception"
				exception="gxa.exception.BusinessException" />
		</global-exception-mappings>

		<action name="upload_*" class="uploadAction" method="{1}">
			<interceptor-ref name="defaultStack"></interceptor-ref>
			<interceptor-ref name="fileUpload">
				<param name="allowedTypes">image/pjpeg,image/x-png,
					image/bmp,image/png,image/jpeg,image/gif</param>
				<param name="maximumSize">3000 000</param>
			</interceptor-ref>
		</action>

	</package>
</struts>    
