<?xml version="1.0" encoding="UTF-8" ?>
<!DOCTYPE struts PUBLIC "-//Apache Software Foundation//DTD Struts Configuration 2.1//EN" "http://struts.apache.org/dtds/struts-2.1.dtd">
<struts>
	<package name="struts-cartype" extends="struts-default,struts2">
		<action name="cartype_*" class="carTypeAction" method="{1}">
			<result name="getallsuc" type="">cartype/list.jsp</result>
			<result name="update">cartype/update.jsp</result>
			<result name="updatesuc">cartype/list.jsp</result>
			<result name="addsuc">list.jsp</result>
		</action>
	</package>
</struts>    
