<?xml version="1.0" encoding="UTF-8" ?>
<!DOCTYPE struts PUBLIC "-//Apache Software Foundation//DTD Struts Configuration 2.1//EN" "http://struts.apache.org/dtds/struts-2.1.dtd">
<struts>
	<package name="struts-user" extends="struts-default">
		<action name="user_*" class="userAction" method="{1}">
			<result name="getalluser" type="">user/list.jsp</result>
			<result name="update">user/update.jsp</result>
			<result name="update1">user/usercar.jsp</result>
		  <result name="updateu">user/list.jsp</result>
			<result name="add">list.jsp</result>
			<result name="off">../sellcar.jsp</result>
		</action>
	</package>
</struts>    
