<?xml version="1.0" encoding="UTF-8" ?>
<!DOCTYPE struts PUBLIC "-//Apache Software Foundation//DTD Struts Configuration 2.1//EN" "http://struts.apache.org/dtds/struts-2.1.dtd">
<struts>
	<package name="struts-car" extends="struts-default">
		<action name="car_*" class="carAction" method="{1}">
			<result name="getallcar" type="">car/list.jsp</result>
			<result name="update">car/update.jsp</result>
			<result name="updatecar">car/list.jsp</result>
			<result name="carinfo">ujdetails.jsp</result>
			<result name="getallcar1">list.jsp</result>
			<result name="getallcar2">car/list.jsp</result>
			<result name="deletecar">list.jsp</result>
		</action>
	</package>
</struts>    
