<?xml version="1.0" encoding="utf-8"?>
<!DOCTYPE hibernate-mapping PUBLIC "-//Hibernate/Hibernate Mapping DTD 3.0//EN"
"http://hibernate.sourceforge.net/hibernate-mapping-3.0.dtd">
<!-- 
    Mapping file autogenerated by MyEclipse Persistence Tools
-->
<hibernate-mapping>
    <class name="gxa.entity.Admin" table="admin" catalog="cartrading">
        <id name="AId" type="java.lang.Integer">
            <column name="a_id" />
            <generator class="native" />
        </id>
        <property name="AName" type="java.lang.String">
            <column name="a_name" length="20" />
        </property>
        <property name="APwd" type="java.lang.String">
            <column name="a_pwd" length="20" />
        </property>
       
    </class>
</hibernate-mapping>
