<?xml version="1.0" encoding="utf-8"?>
<!DOCTYPE hibernate-mapping PUBLIC "-//Hibernate/Hibernate Mapping DTD 3.0//EN"
"http://hibernate.sourceforge.net/hibernate-mapping-3.0.dtd">
<!-- Mapping file autogenerated by MyEclipse Persistence Tools -->
<hibernate-mapping>
	<class name="gxa.entity.Car" table="car" catalog="cartrading">
		<id name="CId" type="java.lang.Integer">
			<column name="c_id" />
			<generator class="native" />
		</id>
		<property name="UId" type="java.lang.Integer">
			<column name="u_id" />
		</property>
		<property name="brand" type="java.lang.String">
			<column name="brand" length="20" />
		</property>
		<property name="carseries" type="java.lang.String">
			<column name="carseries" length="20" />
		</property>
		<property name="chexing" type="java.lang.String">
			<column name="chexing" length="30" />
		</property>
		<property name="CArea" type="java.lang.String">
			<column name="c_area" length="20" />
		</property>
		<property name="kilometre" type="java.lang.Float">
			<column name="kilometre" precision="12" scale="0" />
		</property>
		<property name="registration" type="java.util.Date">
			<column name="registration" length="10" />
		</property>
		<property name="price" type="java.lang.Float">
			<column name="price" precision="12" scale="0" />
		</property>
		<property name="image" type="java.lang.String">
			<column name="image" length="100" />
		</property>
		<property name="introduce" type="java.lang.String">
			<column name="introduce" length="200" />
		</property>
		<property name="tel" type="java.lang.String">
			<column name="tel" length="11" />
		</property>
		<property name="realname" type="java.lang.String">
			<column name="realname" length="20" />
		</property>
		<property name="area" type="java.lang.String">
			<column name="area" length="50" />
		</property>
		<property name="nianjian" type="java.util.Date">
			<column name="nianjian" length="10" />
		</property>
		<property name="insurance" type="java.util.Date">
			<column name="insurance" length="10" />
		</property>
		<property name="upkeep" type="java.lang.String">
			<column name="upkeep" length="2" />
		</property>
		<property name="CUse" type="java.lang.String">
			<column name="c_use" length="20" />
		</property>
		<property name="CChange" type="java.lang.String">
			<column name="c_change" length="1" />
		</property>
		<property name="releasetime" type="java.util.Date">
			<column name="releasetime" length="10" />
		</property>

		<many-to-one name="cartypes" class="gxa.entity.CarType"
			fetch="select"><!--少的一端表对应的Bean -->
			<column name="ct_id" not-null="false" /><!--多的一端表的字段 -->
		</many-to-one>

	</class>
</hibernate-mapping>
