<?xml version="1.0" encoding="utf-8"?>
<!DOCTYPE hibernate-mapping PUBLIC "-//Hibernate/Hibernate Mapping DTD 3.0//EN"
"http://hibernate.sourceforge.net/hibernate-mapping-3.0.dtd">
<!-- 
    Mapping file autogenerated by MyEclipse Persistence Tools
-->
<hibernate-mapping>
    <class name="gxa.entity.CarType" table="cartype" catalog="cartrading">
        <id name="ctId" type="java.lang.Integer">
            <column name="ct_id" />
            <generator class="native" />
        </id>
        <property name="firstLetter" type="java.lang.String">
            <column name="first_letter" length="50" />
        </property>
        <property name="makeName" type="java.lang.String">
            <column name="make_name" length="50" />
        </property>
        <property name="modelSeries" type="java.lang.String">
            <column name="model_series" length="50" />
        </property>
        <property name="modelName" type="java.lang.String">
            <column name="model_name" length="51" />
        </property>
        <property name="typeSeries" type="java.lang.String">
            <column name="type_series" length="50" />
        </property>
        <property name="typeName" type="java.lang.String">
            <column name="type_name" length="70" />
        </property>
        <property name="country" type="java.lang.String">
            <column name="country" length="50" />
        </property>
        <property name="technology" type="java.lang.String">
            <column name="technology" length="50" />
        </property>
        <property name="vehicleClass" type="java.lang.String">
            <column name="vehicle_class" length="50" />
        </property>
        <property name="engineCapacity" type="java.lang.Integer">
            <column name="engine_capacity" />
        </property>
        <property name="transmission" type="java.lang.String">
            <column name="transmission" length="50" />
        </property>
    </class>
</hibernate-mapping>
