<?xml version="1.0" encoding="utf-8"?>
<!DOCTYPE hibernate-mapping PUBLIC "-//Hibernate/Hibernate Mapping DTD 3.0//EN"
"http://hibernate.sourceforge.net/hibernate-mapping-3.0.dtd">
<!-- 
    Mapping file autogenerated by MyEclipse Persistence Tools
-->
<hibernate-mapping>
    <class name="gxa.entity.Users" table="users" catalog="cartrading">
        <id name="UId" type="java.lang.Integer">
            <column name="u_id" />
            <generator class="native" />
        </id>
        <property name="UName" type="java.lang.String">
            <column name="u_name" length="20" />
        </property>
        <property name="UPwd" type="java.lang.String">
            <column name="u_pwd" length="20" />
        </property>
        <property name="UImg" type="java.lang.String">
            <column name="u_img" length="40" />
        </property>
        <property name="coin" type="java.lang.Integer">
            <column name="coin" />
        </property>
        <property name="UPhone" type="java.lang.String">
            <column name="u_phone" length="11" />
        </property>
        <property name="UType" type="java.lang.String">
            <column name="u_type" length="2" />
        </property>
        <property name="UAdress" type="java.lang.String">
            <column name="u_adress" length="50" />
        </property>
        <property name="UDisable" type="java.lang.String">
            <column name="u_disable" length="1" />
        </property>
        <bag name="cars" inverse="true" cascade="save-update">
            <key>
                <column name="u_id" />
            </key>
            <one-to-many class="gxa.entity.Car" />
        </bag>
    </class>
</hibernate-mapping>
